{
    "distilbert": [
        {
            "annotate": "DistilBERT",
            "exact": 64.88976637051661,
            "f1": 68.1776176526635,
            "fill_rate": 0.5,
            "speedup": 2.0609917530867805
        }
    ]
}