{
    "distilbert": [
        {
            "accuracy": 91.3,
            "annotate": "DistilBERT",
            "fill_rate": 0.5034571936567231,
            "speedup": 2.0609917530867805
        }
    ]
}