{
    "mobile_bert_measured": [
        {
            "annotate": "MobileBERT",
            "exact": 82.9,
            "f1": 90.0,
            "fill_rate": 0.25333333333333335,
            "speedup": 1.612951511916643
        }
    ],
    "mobile_bert_no_opt": [
        {
            "annotate": "MobileBERT w/o opt",
            "exact": 83.4,
            "f1": 90.3,
            "fill_rate": 0.25333333333333335,
            "speedup": 1.78125
        }
    ]
}