{"eval_elapsed_time": 9.376834483991843, "cuda_eval_elapsed_time": 7.908688941955567}