{"eval_elapsed_time": 12.162425603950396, "cuda_eval_elapsed_time": 10.45376319885254}