{"eval_elapsed_time": 164.0153375249938, "cuda_eval_elapsed_time": 159.70890246582033}