{"eval_elapsed_time": 50.67104367632419, "cuda_eval_elapsed_time": 49.09445574951172}