{"eval_elapsed_time": 11.547560623846948, "cuda_eval_elapsed_time": 10.0978046875}