{"eval_elapsed_time": 45.63197132572532, "cuda_eval_elapsed_time": 38.594393005371096}